,i_param_var,n_trees_pbd,n_trees_bd,statistics,p_value,corrected_p_value
0,1,63.0,48.0,1218.0,0.08063320814462675,0.4031660407231338
1,2,151.0,138.0,9501.0,0.1960407616016927,0.9802038080084635
2,3,200.0,198.0,5824.0,4.0048463303999935e-34,2.002423165199997e-33
3,4,200.0,199.0,183.0,1.0925822907699252e-65,5.462911453849626e-65
4,5,200.0,200.0,0.0,4.830856390397399e-67,2.4154281951986994e-66
